RPT_DIST_NO,CRM_CD,CRM_CD_DESC,TOTAL,OCCR_RNK
101,510,VEHICLE - STOLEN,174,1
105,510,VEHICLE - STOLEN,64,1
109,210,ROBBERY,6,1
111,330,BURGLARY FROM VEHICLE,413,1
112,230,"ASSAULT WITH DEADLY WEAPON, AGGRAVATED ASSAULT",38,1
112,624,BATTERY - SIMPLE ASSAULT,38,1
112,740,"VANDALISM - FELONY ($400 & OVER, ALL CHURCH VANDALISMS)",38,1
118,330,BURGLARY FROM VEHICLE,157,1
119,888,TRESPASSING,1148,1
121,330,BURGLARY FROM VEHICLE,87,1
122,624,BATTERY - SIMPLE ASSAULT,64,1
123,624,BATTERY - SIMPLE ASSAULT,45,1
124,740,"VANDALISM - FELONY ($400 & OVER, ALL CHURCH VANDALISMS)",203,1
127,740,"VANDALISM - FELONY ($400 & OVER, ALL CHURCH VANDALISMS)",56,1
128,330,BURGLARY FROM VEHICLE,122,1
129,330,BURGLARY FROM VEHICLE,216,1
131,330,BURGLARY FROM VEHICLE,55,1
132,888,TRESPASSING,396,1
133,330,BURGLARY FROM VEHICLE,205,1
134,330,BURGLARY FROM VEHICLE,108,1
135,330,BURGLARY FROM VEHICLE,219,1
138,330,BURGLARY FROM VEHICLE,654,1
139,330,BURGLARY FROM VEHICLE,526,1
141,624,BATTERY - SIMPLE ASSAULT,53,1
142,330,BURGLARY FROM VEHICLE,289,1
143,330,BURGLARY FROM VEHICLE,141,1
144,624,BATTERY - SIMPLE ASSAULT,49,1
145,330,BURGLARY FROM VEHICLE,68,1
146,624,BATTERY - SIMPLE ASSAULT,46,1
147,624,BATTERY - SIMPLE ASSAULT,104,1
148,624,BATTERY - SIMPLE ASSAULT,124,1
151,624,BATTERY - SIMPLE ASSAULT,69,1
152,624,BATTERY - SIMPLE ASSAULT,517,1
153,442,SHOPLIFTING - PETTY THEFT ($950 & UNDER),410,1
154,330,BURGLARY FROM VEHICLE,194,1
155,845,SEX OFFENDER REGISTRANT OUT OF COMPLIANCE,154,1
156,624,BATTERY - SIMPLE ASSAULT,347,1
157,624,BATTERY - SIMPLE ASSAULT,305,1
158,624,BATTERY - SIMPLE ASSAULT,150,1
159,330,BURGLARY FROM VEHICLE,784,1
161,442,SHOPLIFTING - PETTY THEFT ($950 & UNDER),1131,1
162,330,BURGLARY FROM VEHICLE,1114,1
163,442,SHOPLIFTING - PETTY THEFT ($950 & UNDER),131,1
164,330,BURGLARY FROM VEHICLE,235,1
165,330,BURGLARY FROM VEHICLE,74,1
166,624,BATTERY - SIMPLE ASSAULT,217,1
171,330,BURGLARY FROM VEHICLE,192,1
174,330,BURGLARY FROM VEHICLE,155,1
176,330,BURGLARY FROM VEHICLE,177,1
181,341,"THEFT-GRAND ($950.01 & OVER)EXCPT,GUNS,FOWL,LIVESTK,PROD",122,1
182,330,BURGLARY FROM VEHICLE,968,1
185,330,BURGLARY FROM VEHICLE,588,1
191,510,VEHICLE - STOLEN,53,1
192,330,BURGLARY FROM VEHICLE,443,1
195,330,BURGLARY FROM VEHICLE,227,1
201,624,BATTERY - SIMPLE ASSAULT,123,1
202,510,VEHICLE - STOLEN,84,1
203,624,BATTERY - SIMPLE ASSAULT,61,1
204,510,VEHICLE - STOLEN,199,1
205,442,SHOPLIFTING - PETTY THEFT ($950 & UNDER),536,1
211,510,VEHICLE - STOLEN,132,1
212,510,VEHICLE - STOLEN,111,1
213,740,"VANDALISM - FELONY ($400 & OVER, ALL CHURCH VANDALISMS)",1,1
213,510,VEHICLE - STOLEN,1,1
215,510,VEHICLE - STOLEN,102,1
216,510,VEHICLE - STOLEN,126,1
217,510,VEHICLE - STOLEN,109,1
218,510,VEHICLE - STOLEN,186,1
219,510,VEHICLE - STOLEN,157,1
221,888,TRESPASSING,134,1
224,440,THEFT PLAIN - PETTY ($950 & UNDER),1,1
225,230,"ASSAULT WITH DEADLY WEAPON, AGGRAVATED ASSAULT",1,1
226,510,VEHICLE - STOLEN,1,1
231,510,VEHICLE - STOLEN,113,1
233,510,VEHICLE - STOLEN,137,1
234,624,BATTERY - SIMPLE ASSAULT,1,1
234,510,VEHICLE - STOLEN,1,1
235,510,VEHICLE - STOLEN,174,1
236,442,SHOPLIFTING - PETTY THEFT ($950 & UNDER),247,1
237,510,VEHICLE - STOLEN,342,1
238,510,VEHICLE - STOLEN,180,1
239,330,BURGLARY FROM VEHICLE,54,1
241,510,VEHICLE - STOLEN,95,1
242,230,"ASSAULT WITH DEADLY WEAPON, AGGRAVATED ASSAULT",1,1
244,510,VEHICLE - STOLEN,1,1
244,420,THEFT FROM MOTOR VEHICLE - PETTY ($950 & UNDER),1,1
245,230,"ASSAULT WITH DEADLY WEAPON, AGGRAVATED ASSAULT",307,1
246,888,TRESPASSING,768,1
247,624,BATTERY - SIMPLE ASSAULT,97,1
248,354,THEFT OF IDENTITY,118,1
249,330,BURGLARY FROM VEHICLE,311,1
251,354,THEFT OF IDENTITY,128,1
252,624,BATTERY - SIMPLE ASSAULT,1,1
254,900,VIOLATION OF COURT ORDER,2,1
256,442,SHOPLIFTING - PETTY THEFT ($950 & UNDER),218,1
257,624,BATTERY - SIMPLE ASSAULT,198,1
261,510,VEHICLE - STOLEN,131,1
265,230,"ASSAULT WITH DEADLY WEAPON, AGGRAVATED ASSAULT",177,1
266,442,SHOPLIFTING - PETTY THEFT ($950 & UNDER),126,1
267,946,OTHER MISCELLANEOUS CRIME,2,1
269,510,VEHICLE - STOLEN,219,1
271,510,VEHICLE - STOLEN,98,1
275,510,VEHICLE - STOLEN,135,1
277,440,THEFT PLAIN - PETTY ($950 & UNDER),1,1
279,510,VEHICLE - STOLEN,121,1
281,624,BATTERY - SIMPLE ASSAULT,104,1
285,624,BATTERY - SIMPLE ASSAULT,75,1
289,510,VEHICLE - STOLEN,101,1
291,624,BATTERY - SIMPLE ASSAULT,91,1
292,510,VEHICLE - STOLEN,31,1
295,510,VEHICLE - STOLEN,66,1
299,510,VEHICLE - STOLEN,127,1
301,510,VEHICLE - STOLEN,35,1
303,510,VEHICLE - STOLEN,15,1
303,210,ROBBERY,15,1
303,624,BATTERY - SIMPLE ASSAULT,15,1
305,510,VEHICLE - STOLEN,32,1
307,668,"EMBEZZLEMENT, GRAND THEFT ($950.01 & OVER)",42,1
308,510,VEHICLE - STOLEN,136,1
309,210,ROBBERY,6,1
309,740,"VANDALISM - FELONY ($400 & OVER, ALL CHURCH VANDALISMS)",6,1
311,510,VEHICLE - STOLEN,170,1
312,510,VEHICLE - STOLEN,104,1
313,510,VEHICLE - STOLEN,72,1
314,510,VEHICLE - STOLEN,183,1
315,510,VEHICLE - STOLEN,121,1
316,510,VEHICLE - STOLEN,128,1
317,510,VEHICLE - STOLEN,124,1
318,510,VEHICLE - STOLEN,95,1
319,510,VEHICLE - STOLEN,88,1
321,442,SHOPLIFTING - PETTY THEFT ($950 & UNDER),138,1
325,510,VEHICLE - STOLEN,79,1
326,510,VEHICLE - STOLEN,180,1
327,480,BIKE - STOLEN,107,1
328,480,BIKE - STOLEN,223,1
329,510,VEHICLE - STOLEN,75,1
331,510,VEHICLE - STOLEN,118,1
332,510,VEHICLE - STOLEN,95,1
333,510,VEHICLE - STOLEN,104,1
334,510,VEHICLE - STOLEN,144,1
335,510,VEHICLE - STOLEN,71,1
336,510,VEHICLE - STOLEN,108,1
337,510,VEHICLE - STOLEN,125,1
338,440,THEFT PLAIN - PETTY ($950 & UNDER),225,1
341,330,BURGLARY FROM VEHICLE,78,1
343,354,THEFT OF IDENTITY,43,1
351,668,"EMBEZZLEMENT, GRAND THEFT ($950.01 & OVER)",80,1
353,442,SHOPLIFTING - PETTY THEFT ($950 & UNDER),163,1
354,510,VEHICLE - STOLEN,130,1
355,510,VEHICLE - STOLEN,116,1
356,510,VEHICLE - STOLEN,187,1
357,510,VEHICLE - STOLEN,197,1
358,522,"VEHICLE, STOLEN - OTHER (MOTORIZED SCOOTERS, BIKES, ETC)",393,1
359,624,BATTERY - SIMPLE ASSAULT,74,1
361,354,THEFT OF IDENTITY,251,1
362,354,THEFT OF IDENTITY,402,1
363,354,THEFT OF IDENTITY,280,1
373,888,TRESPASSING,137,1
374,510,VEHICLE - STOLEN,101,1
375,624,BATTERY - SIMPLE ASSAULT,127,1
376,510,VEHICLE - STOLEN,159,1
377,624,BATTERY - SIMPLE ASSAULT,83,1
378,352,PICKPOCKET,234,1
379,624,BATTERY - SIMPLE ASSAULT,137,1
391,510,VEHICLE - STOLEN,125,1
392,510,VEHICLE - STOLEN,209,1
393,510,VEHICLE - STOLEN,205,1
394,510,VEHICLE - STOLEN,92,1
395,510,VEHICLE - STOLEN,246,1
396,510,VEHICLE - STOLEN,152,1
397,510,VEHICLE - STOLEN,291,1
398,510,VEHICLE - STOLEN,152,1
399,442,SHOPLIFTING - PETTY THEFT ($950 & UNDER),87,1
401,510,VEHICLE - STOLEN,27,1
402,510,VEHICLE - STOLEN,51,1
403,510,VEHICLE - STOLEN,6,1
403,230,"ASSAULT WITH DEADLY WEAPON, AGGRAVATED ASSAULT",6,1
404,510,VEHICLE - STOLEN,87,1
405,230,"ASSAULT WITH DEADLY WEAPON, AGGRAVATED ASSAULT",3,1
406,510,VEHICLE - STOLEN,76,1
407,510,VEHICLE - STOLEN,81,1
408,510,VEHICLE - STOLEN,46,1
409,510,VEHICLE - STOLEN,110,1
411,510,VEHICLE - STOLEN,76,1
412,510,VEHICLE - STOLEN,184,1
413,510,VEHICLE - STOLEN,38,1
414,510,VEHICLE - STOLEN,21,1
415,510,VEHICLE - STOLEN,127,1
416,510,VEHICLE - STOLEN,68,1
417,510,VEHICLE - STOLEN,76,1
418,510,VEHICLE - STOLEN,26,1
421,510,VEHICLE - STOLEN,135,1
422,510,VEHICLE - STOLEN,162,1
423,510,VEHICLE - STOLEN,107,1
424,510,VEHICLE - STOLEN,117,1
426,510,VEHICLE - STOLEN,65,1
427,510,VEHICLE - STOLEN,108,1
428,510,VEHICLE - STOLEN,47,1
429,510,VEHICLE - STOLEN,112,1
437,510,VEHICLE - STOLEN,169,1
438,510,VEHICLE - STOLEN,152,1
439,510,VEHICLE - STOLEN,153,1
441,230,"ASSAULT WITH DEADLY WEAPON, AGGRAVATED ASSAULT",19,1
442,442,SHOPLIFTING - PETTY THEFT ($950 & UNDER),116,1
443,510,VEHICLE - STOLEN,85,1
445,510,VEHICLE - STOLEN,41,1
448,510,VEHICLE - STOLEN,128,1
449,510,VEHICLE - STOLEN,101,1
451,510,VEHICLE - STOLEN,69,1
452,624,BATTERY - SIMPLE ASSAULT,28,1
453,510,VEHICLE - STOLEN,155,1
454,510,VEHICLE - STOLEN,56,1
455,510,VEHICLE - STOLEN,120,1
456,510,VEHICLE - STOLEN,73,1
457,510,VEHICLE - STOLEN,135,1
459,510,VEHICLE - STOLEN,109,1
461,510,VEHICLE - STOLEN,75,1
462,310,BURGLARY,49,1
463,510,VEHICLE - STOLEN,88,1
464,624,BATTERY - SIMPLE ASSAULT,132,1
465,510,VEHICLE - STOLEN,63,1
466,510,VEHICLE - STOLEN,125,1
467,510,VEHICLE - STOLEN,138,1
468,510,VEHICLE - STOLEN,99,1
469,442,SHOPLIFTING - PETTY THEFT ($950 & UNDER),176,1
471,331,THEFT FROM MOTOR VEHICLE - GRAND ($950.01 AND OVER),90,1
473,510,VEHICLE - STOLEN,168,1
477,510,VEHICLE - STOLEN,163,1
478,510,VEHICLE - STOLEN,220,1
479,510,VEHICLE - STOLEN,147,1
483,510,VEHICLE - STOLEN,4,1
483,341,"THEFT-GRAND ($950.01 & OVER)EXCPT,GUNS,FOWL,LIVESTK,PROD",4,1
487,510,VEHICLE - STOLEN,54,1
488,510,VEHICLE - STOLEN,65,1
489,510,VEHICLE - STOLEN,106,1
491,510,VEHICLE - STOLEN,124,1
497,510,VEHICLE - STOLEN,389,1
499,510,VEHICLE - STOLEN,238,1
500,420,THEFT FROM MOTOR VEHICLE - PETTY ($950 & UNDER),1,1
500,626,INTIMATE PARTNER - SIMPLE ASSAULT,1,1
501,510,VEHICLE - STOLEN,213,1
502,510,VEHICLE - STOLEN,13,1
503,510,VEHICLE - STOLEN,128,1
504,510,VEHICLE - STOLEN,242,1
505,510,VEHICLE - STOLEN,67,1
506,510,VEHICLE - STOLEN,151,1
507,510,VEHICLE - STOLEN,178,1
508,510,VEHICLE - STOLEN,62,1
509,510,VEHICLE - STOLEN,106,1
511,510,VEHICLE - STOLEN,119,1
512,510,VEHICLE - STOLEN,19,1
513,510,VEHICLE - STOLEN,170,1
514,510,VEHICLE - STOLEN,212,1
515,510,VEHICLE - STOLEN,152,1
516,510,VEHICLE - STOLEN,124,1
517,510,VEHICLE - STOLEN,91,1
518,442,SHOPLIFTING - PETTY THEFT ($950 & UNDER),295,1
519,510,VEHICLE - STOLEN,134,1
521,510,VEHICLE - STOLEN,152,1
522,510,VEHICLE - STOLEN,126,1
523,341,"THEFT-GRAND ($950.01 & OVER)EXCPT,GUNS,FOWL,LIVESTK,PROD",70,1
524,510,VEHICLE - STOLEN,133,1
525,510,VEHICLE - STOLEN,129,1
526,624,BATTERY - SIMPLE ASSAULT,131,1
527,341,"THEFT-GRAND ($950.01 & OVER)EXCPT,GUNS,FOWL,LIVESTK,PROD",33,1
528,510,VEHICLE - STOLEN,136,1
529,510,VEHICLE - STOLEN,400,1
531,510,VEHICLE - STOLEN,113,1
532,510,VEHICLE - STOLEN,87,1
541,510,VEHICLE - STOLEN,90,1
551,510,VEHICLE - STOLEN,151,1
555,510,VEHICLE - STOLEN,165,1
557,510,VEHICLE - STOLEN,232,1
558,510,VEHICLE - STOLEN,151,1
559,341,"THEFT-GRAND ($950.01 & OVER)EXCPT,GUNS,FOWL,LIVESTK,PROD",76,1
561,510,VEHICLE - STOLEN,29,1
562,510,VEHICLE - STOLEN,92,1
563,510,VEHICLE - STOLEN,331,1
564,510,VEHICLE - STOLEN,219,1
565,510,VEHICLE - STOLEN,83,1
566,510,VEHICLE - STOLEN,200,1
567,510,VEHICLE - STOLEN,106,1
569,740,"VANDALISM - FELONY ($400 & OVER, ALL CHURCH VANDALISMS)",81,1
581,330,BURGLARY FROM VEHICLE,31,1
583,510,VEHICLE - STOLEN,45,1
584,510,VEHICLE - STOLEN,65,1
585,510,VEHICLE - STOLEN,214,1
587,510,VEHICLE - STOLEN,141,1
589,510,VEHICLE - STOLEN,46,1
599,510,VEHICLE - STOLEN,5,1
599,341,"THEFT-GRAND ($950.01 & OVER)EXCPT,GUNS,FOWL,LIVESTK,PROD",5,1
600,121,"RAPE, FORCIBLE",1,1
600,433,DRIVING WITHOUT OWNER CONSENT (DWOC),1,1
615,330,BURGLARY FROM VEHICLE,228,1
621,310,BURGLARY,30,1
622,330,BURGLARY FROM VEHICLE,180,1
625,624,BATTERY - SIMPLE ASSAULT,76,1
626,330,BURGLARY FROM VEHICLE,61,1
627,330,BURGLARY FROM VEHICLE,80,1
628,510,VEHICLE - STOLEN,121,1
629,330,BURGLARY FROM VEHICLE,195,1
631,310,BURGLARY,57,1
632,440,THEFT PLAIN - PETTY ($950 & UNDER),144,1
632,330,BURGLARY FROM VEHICLE,144,1
635,330,BURGLARY FROM VEHICLE,71,1
636,624,BATTERY - SIMPLE ASSAULT,414,1
637,624,BATTERY - SIMPLE ASSAULT,152,1
638,442,SHOPLIFTING - PETTY THEFT ($950 & UNDER),206,1
639,442,SHOPLIFTING - PETTY THEFT ($950 & UNDER),167,1
642,330,BURGLARY FROM VEHICLE,68,1
643,330,BURGLARY FROM VEHICLE,286,1
644,330,BURGLARY FROM VEHICLE,192,1
645,624,BATTERY - SIMPLE ASSAULT,486,1
646,624,BATTERY - SIMPLE ASSAULT,476,1
647,624,BATTERY - SIMPLE ASSAULT,285,1
648,624,BATTERY - SIMPLE ASSAULT,189,1
649,624,BATTERY - SIMPLE ASSAULT,65,1
656,624,BATTERY - SIMPLE ASSAULT,101,1
657,624,BATTERY - SIMPLE ASSAULT,114,1
659,624,BATTERY - SIMPLE ASSAULT,98,1
663,310,BURGLARY,180,1
665,740,"VANDALISM - FELONY ($400 & OVER, ALL CHURCH VANDALISMS)",3,1
665,210,ROBBERY,3,1
666,624,BATTERY - SIMPLE ASSAULT,282,1
667,510,VEHICLE - STOLEN,136,1
668,442,SHOPLIFTING - PETTY THEFT ($950 & UNDER),399,1
669,510,VEHICLE - STOLEN,117,1
672,624,BATTERY - SIMPLE ASSAULT,1,1
676,510,VEHICLE - STOLEN,94,1
677,510,VEHICLE - STOLEN,101,1
678,510,VEHICLE - STOLEN,131,1
679,510,VEHICLE - STOLEN,62,1
696,740,"VANDALISM - FELONY ($400 & OVER, ALL CHURCH VANDALISMS)",2,1
697,510,VEHICLE - STOLEN,1,1
699,420,THEFT FROM MOTOR VEHICLE - PETTY ($950 & UNDER),1,1
699,745,VANDALISM - MISDEAMEANOR ($399 OR UNDER),1,1
700,624,BATTERY - SIMPLE ASSAULT,1,1
700,946,OTHER MISCELLANEOUS CRIME,1,1
701,330,BURGLARY FROM VEHICLE,272,1
702,310,BURGLARY,214,1
704,350,"THEFT, PERSON",1,1
705,310,BURGLARY,92,1
706,310,BURGLARY,133,1
709,510,VEHICLE - STOLEN,1,1
711,310,BURGLARY,161,1
713,330,BURGLARY FROM VEHICLE,58,1
714,310,BURGLARY,24,1
715,310,BURGLARY,21,1
715,510,VEHICLE - STOLEN,21,1
716,647,THROWING OBJECT AT MOVING VEHICLE,1,1
716,624,BATTERY - SIMPLE ASSAULT,1,1
717,510,VEHICLE - STOLEN,33,1
719,310,BURGLARY,110,1
721,442,SHOPLIFTING - PETTY THEFT ($950 & UNDER),250,1
722,442,SHOPLIFTING - PETTY THEFT ($950 & UNDER),583,1
723,310,BURGLARY,138,1
724,442,SHOPLIFTING - PETTY THEFT ($950 & UNDER),744,1
725,310,BURGLARY,37,1
726,310,BURGLARY,64,1
727,510,VEHICLE - STOLEN,71,1
728,354,THEFT OF IDENTITY,1,1
729,310,BURGLARY,91,1
732,310,BURGLARY,106,1
733,330,BURGLARY FROM VEHICLE,69,1
734,440,THEFT PLAIN - PETTY ($950 & UNDER),229,1
735,440,THEFT PLAIN - PETTY ($950 & UNDER),95,1
736,442,SHOPLIFTING - PETTY THEFT ($950 & UNDER),892,1
737,442,SHOPLIFTING - PETTY THEFT ($950 & UNDER),174,1
738,310,BURGLARY,76,1
739,310,BURGLARY,38,1
742,310,BURGLARY,57,1
743,330,BURGLARY FROM VEHICLE,196,1
745,510,VEHICLE - STOLEN,160,1
747,510,VEHICLE - STOLEN,76,1
749,510,VEHICLE - STOLEN,109,1
752,331,THEFT FROM MOTOR VEHICLE - GRAND ($950.01 AND OVER),76,1
753,510,VEHICLE - STOLEN,70,1
755,510,VEHICLE - STOLEN,87,1
756,626,INTIMATE PARTNER - SIMPLE ASSAULT,1,1
756,740,"VANDALISM - FELONY ($400 & OVER, ALL CHURCH VANDALISMS)",1,1
758,510,VEHICLE - STOLEN,104,1
759,510,VEHICLE - STOLEN,133,1
762,510,VEHICLE - STOLEN,120,1
763,510,VEHICLE - STOLEN,88,1
764,510,VEHICLE - STOLEN,92,1
765,442,SHOPLIFTING - PETTY THEFT ($950 & UNDER),342,1
766,624,BATTERY - SIMPLE ASSAULT,39,1
767,510,VEHICLE - STOLEN,39,1
768,330,BURGLARY FROM VEHICLE,1,1
769,624,BATTERY - SIMPLE ASSAULT,77,1
771,510,VEHICLE - STOLEN,1,1
772,626,INTIMATE PARTNER - SIMPLE ASSAULT,1,1
773,510,VEHICLE - STOLEN,84,1
774,510,VEHICLE - STOLEN,62,1
775,510,VEHICLE - STOLEN,88,1
776,510,VEHICLE - STOLEN,80,1
777,510,VEHICLE - STOLEN,44,1
778,624,BATTERY - SIMPLE ASSAULT,48,1
779,510,VEHICLE - STOLEN,60,1
782,310,BURGLARY,166,1
783,510,VEHICLE - STOLEN,128,1
784,510,VEHICLE - STOLEN,102,1
785,510,VEHICLE - STOLEN,94,1
787,510,VEHICLE - STOLEN,33,1
788,510,VEHICLE - STOLEN,46,1
789,510,VEHICLE - STOLEN,94,1
800,121,"RAPE, FORCIBLE",1,1
801,354,THEFT OF IDENTITY,35,1
802,330,BURGLARY FROM VEHICLE,74,1
803,354,THEFT OF IDENTITY,36,1
804,330,BURGLARY FROM VEHICLE,35,1
805,310,BURGLARY,91,1
806,310,BURGLARY,92,1
807,354,THEFT OF IDENTITY,74,1
808,310,BURGLARY,78,1
809,310,BURGLARY,32,1
811,330,BURGLARY FROM VEHICLE,245,1
812,354,THEFT OF IDENTITY,45,1
813,310,BURGLARY,52,1
814,310,BURGLARY,26,1
815,310,BURGLARY,41,1
816,440,THEFT PLAIN - PETTY ($950 & UNDER),52,1
817,442,SHOPLIFTING - PETTY THEFT ($950 & UNDER),268,1
818,440,THEFT PLAIN - PETTY ($950 & UNDER),28,1
819,310,BURGLARY,37,1
821,330,BURGLARY FROM VEHICLE,34,1
822,330,BURGLARY FROM VEHICLE,93,1
823,310,BURGLARY,55,1
824,310,BURGLARY,75,1
825,310,BURGLARY,34,1
826,310,BURGLARY,43,1
827,354,THEFT OF IDENTITY,87,1
828,354,THEFT OF IDENTITY,69,1
829,354,THEFT OF IDENTITY,75,1
831,310,BURGLARY,165,1
832,330,BURGLARY FROM VEHICLE,117,1
833,440,THEFT PLAIN - PETTY ($950 & UNDER),116,1
834,354,THEFT OF IDENTITY,97,1
834,310,BURGLARY,97,1
835,310,BURGLARY,185,1
836,310,BURGLARY,137,1
837,440,THEFT PLAIN - PETTY ($950 & UNDER),29,1
838,440,THEFT PLAIN - PETTY ($950 & UNDER),45,1
839,442,SHOPLIFTING - PETTY THEFT ($950 & UNDER),576,1
841,440,THEFT PLAIN - PETTY ($950 & UNDER),126,1
842,330,BURGLARY FROM VEHICLE,144,1
843,440,THEFT PLAIN - PETTY ($950 & UNDER),2,1
847,310,BURGLARY,107,1
848,354,THEFT OF IDENTITY,38,1
849,510,VEHICLE - STOLEN,145,1
851,510,VEHICLE - STOLEN,71,1
852,442,SHOPLIFTING - PETTY THEFT ($950 & UNDER),1329,1
853,330,BURGLARY FROM VEHICLE,161,1
854,740,"VANDALISM - FELONY ($400 & OVER, ALL CHURCH VANDALISMS)",26,1
855,310,BURGLARY,135,1
857,310,BURGLARY,97,1
858,510,VEHICLE - STOLEN,56,1
859,510,VEHICLE - STOLEN,138,1
861,330,BURGLARY FROM VEHICLE,32,1
871,330,BURGLARY FROM VEHICLE,15,1
872,480,BIKE - STOLEN,4,1
881,310,BURGLARY,186,1
882,310,BURGLARY,117,1
883,310,BURGLARY,68,1
884,354,THEFT OF IDENTITY,224,1
885,310,BURGLARY,112,1
886,310,BURGLARY,46,1
887,510,VEHICLE - STOLEN,62,1
889,442,SHOPLIFTING - PETTY THEFT ($950 & UNDER),266,1
891,510,VEHICLE - STOLEN,19,1
892,310,BURGLARY,62,1
892,510,VEHICLE - STOLEN,62,1
893,310,BURGLARY,75,1
895,624,BATTERY - SIMPLE ASSAULT,76,1
896,442,SHOPLIFTING - PETTY THEFT ($950 & UNDER),42,1
897,510,VEHICLE - STOLEN,112,1
898,510,VEHICLE - STOLEN,131,1
899,510,VEHICLE - STOLEN,87,1
900,354,THEFT OF IDENTITY,1,1
901,510,VEHICLE - STOLEN,117,1
902,510,VEHICLE - STOLEN,1,1
904,442,SHOPLIFTING - PETTY THEFT ($950 & UNDER),596,1
905,510,VEHICLE - STOLEN,135,1
906,354,THEFT OF IDENTITY,137,1
909,510,VEHICLE - STOLEN,182,1
911,510,VEHICLE - STOLEN,206,1
914,510,VEHICLE - STOLEN,283,1
915,510,VEHICLE - STOLEN,174,1
916,510,VEHICLE - STOLEN,141,1
917,510,VEHICLE - STOLEN,1,1
919,510,VEHICLE - STOLEN,102,1
921,330,BURGLARY FROM VEHICLE,1,1
922,440,THEFT PLAIN - PETTY ($950 & UNDER),1,1
922,230,"ASSAULT WITH DEADLY WEAPON, AGGRAVATED ASSAULT",1,1
923,624,BATTERY - SIMPLE ASSAULT,196,1
926,510,VEHICLE - STOLEN,243,1
927,886,DISTURBING THE PEACE,1,1
929,510,VEHICLE - STOLEN,59,1
931,510,VEHICLE - STOLEN,47,1
932,624,BATTERY - SIMPLE ASSAULT,107,1
933,510,VEHICLE - STOLEN,98,1
934,624,BATTERY - SIMPLE ASSAULT,1,1
934,740,"VANDALISM - FELONY ($400 & OVER, ALL CHURCH VANDALISMS)",1,1
934,330,BURGLARY FROM VEHICLE,1,1
935,624,BATTERY - SIMPLE ASSAULT,150,1
936,625,OTHER ASSAULT,1,1
936,310,BURGLARY,1,1
937,510,VEHICLE - STOLEN,82,1
938,510,VEHICLE - STOLEN,68,1
939,510,VEHICLE - STOLEN,86,1
941,442,SHOPLIFTING - PETTY THEFT ($950 & UNDER),292,1
942,330,BURGLARY FROM VEHICLE,1,1
942,850,INDECENT EXPOSURE,1,1
942,888,TRESPASSING,1,1
943,510,VEHICLE - STOLEN,137,1
944,624,BATTERY - SIMPLE ASSAULT,1,1
945,210,ROBBERY,1,1
946,510,VEHICLE - STOLEN,115,1
948,510,VEHICLE - STOLEN,65,1
952,510,VEHICLE - STOLEN,193,1
955,510,VEHICLE - STOLEN,51,1
957,310,BURGLARY,18,1
958,354,THEFT OF IDENTITY,1,1
958,220,ATTEMPTED ROBBERY,1,1
961,310,BURGLARY,21,1
963,310,BURGLARY,113,1
964,442,SHOPLIFTING - PETTY THEFT ($950 & UNDER),325,1
966,310,BURGLARY,86,1
969,330,BURGLARY FROM VEHICLE,115,1
971,510,VEHICLE - STOLEN,103,1
974,330,BURGLARY FROM VEHICLE,108,1
976,331,THEFT FROM MOTOR VEHICLE - GRAND ($950.01 AND OVER),20,1
979,331,THEFT FROM MOTOR VEHICLE - GRAND ($950.01 AND OVER),48,1
981,330,BURGLARY FROM VEHICLE,99,1
983,745,VANDALISM - MISDEAMEANOR ($399 OR UNDER),1,1
984,310,BURGLARY,55,1
985,310,BURGLARY,214,1
989,310,BURGLARY,191,1
991,310,BURGLARY,95,1
994,310,BURGLARY,69,1
995,930,CRIMINAL THREATS - NO WEAPON DISPLAYED,1,1
998,310,BURGLARY,92,1
1000,860,BATTERY WITH SEXUAL CONTACT,1,1
1001,624,BATTERY - SIMPLE ASSAULT,113,1
1003,510,VEHICLE - STOLEN,126,1
1004,510,VEHICLE - STOLEN,113,1
1005,510,VEHICLE - STOLEN,100,1
1006,510,VEHICLE - STOLEN,56,1
1007,510,VEHICLE - STOLEN,50,1
1008,510,VEHICLE - STOLEN,213,1
1009,331,THEFT FROM MOTOR VEHICLE - GRAND ($950.01 AND OVER),16,1
1011,510,VEHICLE - STOLEN,181,1
1012,510,VEHICLE - STOLEN,61,1
1013,761,BRANDISH WEAPON,1,1
1014,625,OTHER ASSAULT,1,1
1015,442,SHOPLIFTING - PETTY THEFT ($950 & UNDER),176,1
1016,230,"ASSAULT WITH DEADLY WEAPON, AGGRAVATED ASSAULT",1,1
1017,510,VEHICLE - STOLEN,86,1
1018,510,VEHICLE - STOLEN,218,1
1019,510,VEHICLE - STOLEN,56,1
1021,510,VEHICLE - STOLEN,81,1
1022,510,VEHICLE - STOLEN,1,1
1023,510,VEHICLE - STOLEN,160,1
1024,510,VEHICLE - STOLEN,98,1
1025,510,VEHICLE - STOLEN,185,1
1027,510,VEHICLE - STOLEN,94,1
1028,510,VEHICLE - STOLEN,140,1
1029,510,VEHICLE - STOLEN,179,1
1031,510,VEHICLE - STOLEN,52,1
1032,230,"ASSAULT WITH DEADLY WEAPON, AGGRAVATED ASSAULT",2,1
1033,510,VEHICLE - STOLEN,117,1
1034,510,VEHICLE - STOLEN,81,1
1035,510,VEHICLE - STOLEN,131,1
1036,850,INDECENT EXPOSURE,1,1
1037,624,BATTERY - SIMPLE ASSAULT,56,1
1039,510,VEHICLE - STOLEN,166,1
1041,310,BURGLARY,78,1
1042,626,INTIMATE PARTNER - SIMPLE ASSAULT,1,1
1043,354,THEFT OF IDENTITY,112,1
1044,354,THEFT OF IDENTITY,97,1
1045,510,VEHICLE - STOLEN,119,1
1046,624,BATTERY - SIMPLE ASSAULT,1,1
1046,740,"VANDALISM - FELONY ($400 & OVER, ALL CHURCH VANDALISMS)",1,1
1047,330,BURGLARY FROM VEHICLE,114,1
1048,626,INTIMATE PARTNER - SIMPLE ASSAULT,1,1
1049,330,BURGLARY FROM VEHICLE,133,1
1053,420,THEFT FROM MOTOR VEHICLE - PETTY ($950 & UNDER),1,1
1061,310,BURGLARY,157,1
1063,310,BURGLARY,227,1
1065,510,VEHICLE - STOLEN,184,1
1067,442,SHOPLIFTING - PETTY THEFT ($950 & UNDER),121,1
1068,331,THEFT FROM MOTOR VEHICLE - GRAND ($950.01 AND OVER),9,1
1075,310,BURGLARY,113,1
1077,310,BURGLARY,66,1
1078,310,BURGLARY,107,1
1079,310,BURGLARY,107,1
1083,310,BURGLARY,94,1
1087,930,CRIMINAL THREATS - NO WEAPON DISPLAYED,1,1
1088,310,BURGLARY,117,1
1089,310,BURGLARY,71,1
1091,310,BURGLARY,135,1
1094,310,BURGLARY,133,1
1097,310,BURGLARY,204,1
1098,310,BURGLARY,11,1
1099,310,BURGLARY,112,1
1100,664,"BUNCO, PETTY THEFT",1,1
1101,330,BURGLARY FROM VEHICLE,552,1
1102,510,VEHICLE - STOLEN,103,1
1105,310,BURGLARY,40,1
1107,510,VEHICLE - STOLEN,75,1
1109,330,BURGLARY FROM VEHICLE,89,1
1112,510,VEHICLE - STOLEN,95,1
1113,440,THEFT PLAIN - PETTY ($950 & UNDER),110,1
1115,510,VEHICLE - STOLEN,71,1
1116,510,VEHICLE - STOLEN,37,1
1117,510,VEHICLE - STOLEN,71,1
1118,624,BATTERY - SIMPLE ASSAULT,75,1
1119,510,VEHICLE - STOLEN,51,1
1122,330,BURGLARY FROM VEHICLE,13,1
1123,442,SHOPLIFTING - PETTY THEFT ($950 & UNDER),93,1
1124,510,VEHICLE - STOLEN,108,1
1125,510,VEHICLE - STOLEN,78,1
1126,510,VEHICLE - STOLEN,73,1
1127,510,VEHICLE - STOLEN,71,1
1128,442,SHOPLIFTING - PETTY THEFT ($950 & UNDER),183,1
1129,510,VEHICLE - STOLEN,147,1
1132,510,VEHICLE - STOLEN,142,1
1133,310,BURGLARY,123,1
1134,510,VEHICLE - STOLEN,136,1
1135,510,VEHICLE - STOLEN,116,1
1136,510,VEHICLE - STOLEN,127,1
1137,510,VEHICLE - STOLEN,76,1
1138,510,VEHICLE - STOLEN,74,1
1139,510,VEHICLE - STOLEN,88,1
1141,510,VEHICLE - STOLEN,152,1
1142,330,BURGLARY FROM VEHICLE,141,1
1143,510,VEHICLE - STOLEN,138,1
1144,330,BURGLARY FROM VEHICLE,106,1
1145,330,BURGLARY FROM VEHICLE,143,1
1146,510,VEHICLE - STOLEN,60,1
1147,510,VEHICLE - STOLEN,127,1
1148,510,VEHICLE - STOLEN,131,1
1149,510,VEHICLE - STOLEN,130,1
1151,624,BATTERY - SIMPLE ASSAULT,176,1
1152,510,VEHICLE - STOLEN,90,1
1153,330,BURGLARY FROM VEHICLE,36,1
1157,510,VEHICLE - STOLEN,11,1
1158,510,VEHICLE - STOLEN,82,1
1159,510,VEHICLE - STOLEN,19,1
1161,510,VEHICLE - STOLEN,57,1
1162,510,VEHICLE - STOLEN,207,1
1163,310,BURGLARY,74,1
1169,510,VEHICLE - STOLEN,87,1
1171,330,BURGLARY FROM VEHICLE,157,1
1172,510,VEHICLE - STOLEN,155,1
1173,510,VEHICLE - STOLEN,84,1
1174,510,VEHICLE - STOLEN,26,1
1175,330,BURGLARY FROM VEHICLE,27,1
1176,510,VEHICLE - STOLEN,97,1
1177,510,VEHICLE - STOLEN,179,1
1178,510,VEHICLE - STOLEN,55,1
1179,510,VEHICLE - STOLEN,73,1
1181,510,VEHICLE - STOLEN,124,1
1183,442,SHOPLIFTING - PETTY THEFT ($950 & UNDER),174,1
1184,510,VEHICLE - STOLEN,86,1
1185,330,BURGLARY FROM VEHICLE,25,1
1186,330,BURGLARY FROM VEHICLE,22,1
1189,510,VEHICLE - STOLEN,65,1
1195,624,BATTERY - SIMPLE ASSAULT,143,1
1199,510,VEHICLE - STOLEN,10,1
1200,354,THEFT OF IDENTITY,1,1
1203,510,VEHICLE - STOLEN,226,1
1204,510,VEHICLE - STOLEN,140,1
1205,510,VEHICLE - STOLEN,181,1
1207,510,VEHICLE - STOLEN,129,1
1208,510,VEHICLE - STOLEN,137,1
1209,510,VEHICLE - STOLEN,87,1
1211,510,VEHICLE - STOLEN,235,1
1213,510,VEHICLE - STOLEN,251,1
1215,510,VEHICLE - STOLEN,223,1
1218,510,VEHICLE - STOLEN,253,1
1219,510,VEHICLE - STOLEN,70,1
1231,510,VEHICLE - STOLEN,170,1
1232,510,VEHICLE - STOLEN,143,1
1233,510,VEHICLE - STOLEN,266,1
1235,510,VEHICLE - STOLEN,173,1
1239,510,VEHICLE - STOLEN,411,1
1241,354,THEFT OF IDENTITY,272,1
1242,510,VEHICLE - STOLEN,146,1
1243,510,VEHICLE - STOLEN,323,1
1245,510,VEHICLE - STOLEN,378,1
1248,510,VEHICLE - STOLEN,178,1
1249,230,"ASSAULT WITH DEADLY WEAPON, AGGRAVATED ASSAULT",271,1
1251,510,VEHICLE - STOLEN,231,1
1252,510,VEHICLE - STOLEN,122,1
1253,510,VEHICLE - STOLEN,205,1
1255,510,VEHICLE - STOLEN,205,1
1256,230,"ASSAULT WITH DEADLY WEAPON, AGGRAVATED ASSAULT",219,1
1257,510,VEHICLE - STOLEN,207,1
1258,510,VEHICLE - STOLEN,216,1
1259,510,VEHICLE - STOLEN,395,1
1263,510,VEHICLE - STOLEN,239,1
1265,510,VEHICLE - STOLEN,329,1
1266,510,VEHICLE - STOLEN,231,1
1267,230,"ASSAULT WITH DEADLY WEAPON, AGGRAVATED ASSAULT",307,1
1268,510,VEHICLE - STOLEN,300,1
1269,510,VEHICLE - STOLEN,387,1
1273,510,VEHICLE - STOLEN,302,1
1283,510,VEHICLE - STOLEN,216,1
1293,510,VEHICLE - STOLEN,54,1
1300,624,BATTERY - SIMPLE ASSAULT,2,1
1303,330,BURGLARY FROM VEHICLE,253,1
1307,230,"ASSAULT WITH DEADLY WEAPON, AGGRAVATED ASSAULT",183,1
1307,510,VEHICLE - STOLEN,183,1
1309,510,VEHICLE - STOLEN,417,1
1311,510,VEHICLE - STOLEN,50,1
1313,510,VEHICLE - STOLEN,441,1
1317,330,BURGLARY FROM VEHICLE,360,1
1321,510,VEHICLE - STOLEN,325,1
1322,510,VEHICLE - STOLEN,115,1
1323,510,VEHICLE - STOLEN,217,1
1324,510,VEHICLE - STOLEN,130,1
1325,510,VEHICLE - STOLEN,105,1
1326,510,VEHICLE - STOLEN,28,1
1327,510,VEHICLE - STOLEN,91,1
1331,354,THEFT OF IDENTITY,307,1
1333,510,VEHICLE - STOLEN,304,1
1341,510,VEHICLE - STOLEN,235,1
1342,510,VEHICLE - STOLEN,179,1
1343,510,VEHICLE - STOLEN,200,1
1344,510,VEHICLE - STOLEN,147,1
1345,510,VEHICLE - STOLEN,130,1
1346,510,VEHICLE - STOLEN,116,1
1347,510,VEHICLE - STOLEN,195,1
1351,442,SHOPLIFTING - PETTY THEFT ($950 & UNDER),270,1
1352,510,VEHICLE - STOLEN,180,1
1353,510,VEHICLE - STOLEN,194,1
1354,510,VEHICLE - STOLEN,121,1
1361,510,VEHICLE - STOLEN,251,1
1362,510,VEHICLE - STOLEN,195,1
1363,510,VEHICLE - STOLEN,163,1
1364,510,VEHICLE - STOLEN,131,1
1365,510,VEHICLE - STOLEN,109,1
1367,510,VEHICLE - STOLEN,213,1
1371,510,VEHICLE - STOLEN,193,1
1372,510,VEHICLE - STOLEN,210,1
1373,510,VEHICLE - STOLEN,206,1
1375,510,VEHICLE - STOLEN,148,1
1377,510,VEHICLE - STOLEN,124,1
1381,230,"ASSAULT WITH DEADLY WEAPON, AGGRAVATED ASSAULT",48,1
1383,510,VEHICLE - STOLEN,256,1
1385,510,VEHICLE - STOLEN,292,1
1391,510,VEHICLE - STOLEN,87,1
1393,510,VEHICLE - STOLEN,148,1
1394,510,VEHICLE - STOLEN,139,1
1395,510,VEHICLE - STOLEN,213,1
1400,624,BATTERY - SIMPLE ASSAULT,2,1
1401,310,BURGLARY,76,1
1402,310,BURGLARY,56,1
1403,510,VEHICLE - STOLEN,46,1
1405,510,VEHICLE - STOLEN,15,1
1406,510,VEHICLE - STOLEN,226,1
1407,510,VEHICLE - STOLEN,259,1
1408,230,"ASSAULT WITH DEADLY WEAPON, AGGRAVATED ASSAULT",6,1
1409,510,VEHICLE - STOLEN,138,1
1411,624,BATTERY - SIMPLE ASSAULT,65,1
1412,230,"ASSAULT WITH DEADLY WEAPON, AGGRAVATED ASSAULT",287,1
1413,510,VEHICLE - STOLEN,104,1
1414,510,VEHICLE - STOLEN,116,1
1415,510,VEHICLE - STOLEN,107,1
1416,310,BURGLARY,66,1
1424,310,BURGLARY,90,1
1425,310,BURGLARY,62,1
1426,510,VEHICLE - STOLEN,23,1
1427,440,THEFT PLAIN - PETTY ($950 & UNDER),76,1
1428,330,BURGLARY FROM VEHICLE,115,1
1431,624,BATTERY - SIMPLE ASSAULT,301,1
1432,510,VEHICLE - STOLEN,108,1
1433,510,VEHICLE - STOLEN,68,1
1434,510,VEHICLE - STOLEN,79,1
1435,310,BURGLARY,125,1
1436,420,THEFT FROM MOTOR VEHICLE - PETTY ($950 & UNDER),20,1
1436,510,VEHICLE - STOLEN,20,1
1437,510,VEHICLE - STOLEN,97,1
1438,510,VEHICLE - STOLEN,95,1
1441,310,BURGLARY,147,1
1443,310,BURGLARY,88,1
1444,510,VEHICLE - STOLEN,169,1
1445,510,VEHICLE - STOLEN,109,1
1446,510,VEHICLE - STOLEN,80,1
1449,510,VEHICLE - STOLEN,63,1
1451,624,BATTERY - SIMPLE ASSAULT,10,1
1452,310,BURGLARY,121,1
1453,310,BURGLARY,193,1
1454,510,VEHICLE - STOLEN,109,1
1455,510,VEHICLE - STOLEN,82,1
1456,510,VEHICLE - STOLEN,57,1
1457,510,VEHICLE - STOLEN,63,1
1458,510,VEHICLE - STOLEN,57,1
1459,510,VEHICLE - STOLEN,34,1
1462,510,VEHICLE - STOLEN,8,1
1463,330,BURGLARY FROM VEHICLE,138,1
1464,310,BURGLARY,185,1
1465,510,VEHICLE - STOLEN,88,1
1466,310,BURGLARY,102,1
1467,510,VEHICLE - STOLEN,98,1
1468,354,THEFT OF IDENTITY,52,1
1469,442,SHOPLIFTING - PETTY THEFT ($950 & UNDER),729,1
1471,510,VEHICLE - STOLEN,14,1
1472,310,BURGLARY,70,1
1473,310,BURGLARY,107,1
1474,510,VEHICLE - STOLEN,64,1
1475,510,VEHICLE - STOLEN,68,1
1476,331,THEFT FROM MOTOR VEHICLE - GRAND ($950.01 AND OVER),37,1
1477,331,THEFT FROM MOTOR VEHICLE - GRAND ($950.01 AND OVER),65,1
1479,510,VEHICLE - STOLEN,89,1
1483,510,VEHICLE - STOLEN,243,1
1484,230,"ASSAULT WITH DEADLY WEAPON, AGGRAVATED ASSAULT",13,1
1485,442,SHOPLIFTING - PETTY THEFT ($950 & UNDER),70,1
1486,330,BURGLARY FROM VEHICLE,9,1
1487,442,SHOPLIFTING - PETTY THEFT ($950 & UNDER),115,1
1488,668,"EMBEZZLEMENT, GRAND THEFT ($950.01 & OVER)",562,1
1489,330,BURGLARY FROM VEHICLE,78,1
1491,440,THEFT PLAIN - PETTY ($950 & UNDER),14,1
1492,230,"ASSAULT WITH DEADLY WEAPON, AGGRAVATED ASSAULT",7,1
1493,440,THEFT PLAIN - PETTY ($950 & UNDER),15,1
1494,341,"THEFT-GRAND ($950.01 & OVER)EXCPT,GUNS,FOWL,LIVESTK,PROD",1530,1
1495,668,"EMBEZZLEMENT, GRAND THEFT ($950.01 & OVER)",219,1
1496,510,VEHICLE - STOLEN,228,1
1497,668,"EMBEZZLEMENT, GRAND THEFT ($950.01 & OVER)",222,1
1498,330,BURGLARY FROM VEHICLE,11,1
1499,510,VEHICLE - STOLEN,154,1
1501,310,BURGLARY,112,1
1502,310,BURGLARY,51,1
1503,510,VEHICLE - STOLEN,119,1
1504,510,VEHICLE - STOLEN,122,1
1505,510,VEHICLE - STOLEN,145,1
1506,442,SHOPLIFTING - PETTY THEFT ($950 & UNDER),219,1
1508,510,VEHICLE - STOLEN,33,1
1509,510,VEHICLE - STOLEN,39,1
1511,310,BURGLARY,52,1
1511,510,VEHICLE - STOLEN,52,1
1512,510,VEHICLE - STOLEN,88,1
1513,510,VEHICLE - STOLEN,106,1
1514,510,VEHICLE - STOLEN,97,1
1515,624,BATTERY - SIMPLE ASSAULT,79,1
1516,510,VEHICLE - STOLEN,87,1
1517,510,VEHICLE - STOLEN,98,1
1519,624,BATTERY - SIMPLE ASSAULT,86,1
1521,510,VEHICLE - STOLEN,90,1
1522,510,VEHICLE - STOLEN,99,1
1523,510,VEHICLE - STOLEN,95,1
1524,442,SHOPLIFTING - PETTY THEFT ($950 & UNDER),86,1
1525,442,SHOPLIFTING - PETTY THEFT ($950 & UNDER),158,1
1526,510,VEHICLE - STOLEN,187,1
1527,442,SHOPLIFTING - PETTY THEFT ($950 & UNDER),335,1
1529,510,VEHICLE - STOLEN,81,1
1531,510,VEHICLE - STOLEN,91,1
1532,510,VEHICLE - STOLEN,133,1
1533,510,VEHICLE - STOLEN,33,1
1535,510,VEHICLE - STOLEN,111,1
1537,930,CRIMINAL THREATS - NO WEAPON DISPLAYED,1,1
1538,510,VEHICLE - STOLEN,124,1
1539,510,VEHICLE - STOLEN,102,1
1541,310,BURGLARY,47,1
1542,626,INTIMATE PARTNER - SIMPLE ASSAULT,1,1
1542,230,"ASSAULT WITH DEADLY WEAPON, AGGRAVATED ASSAULT",1,1
1543,354,THEFT OF IDENTITY,113,1
1544,310,BURGLARY,65,1
1545,510,VEHICLE - STOLEN,147,1
1546,510,VEHICLE - STOLEN,65,1
1547,624,BATTERY - SIMPLE ASSAULT,67,1
1548,330,BURGLARY FROM VEHICLE,264,1
1549,888,TRESPASSING,531,1
1551,510,VEHICLE - STOLEN,10,1
1551,310,BURGLARY,10,1
1553,510,VEHICLE - STOLEN,85,1
1555,330,BURGLARY FROM VEHICLE,268,1
1557,510,VEHICLE - STOLEN,188,1
1558,236,INTIMATE PARTNER - AGGRAVATED ASSAULT,1,1
1559,510,VEHICLE - STOLEN,32,1
1562,310,BURGLARY,78,1
1563,310,BURGLARY,68,1
1565,310,BURGLARY,27,1
1566,330,BURGLARY FROM VEHICLE,82,1
1567,310,BURGLARY,56,1
1569,310,BURGLARY,65,1
1581,330,BURGLARY FROM VEHICLE,125,1
1583,310,BURGLARY,90,1
1585,330,BURGLARY FROM VEHICLE,180,1
1586,888,TRESPASSING,105,1
1587,341,"THEFT-GRAND ($950.01 & OVER)EXCPT,GUNS,FOWL,LIVESTK,PROD",17,1
1588,330,BURGLARY FROM VEHICLE,25,1
1589,510,VEHICLE - STOLEN,42,1
1591,310,BURGLARY,225,1
1595,310,BURGLARY,98,1
1596,310,BURGLARY,131,1
1599,310,BURGLARY,177,1
1600,946,OTHER MISCELLANEOUS CRIME,1,1
1601,510,VEHICLE - STOLEN,78,1
1602,510,VEHICLE - STOLEN,149,1
1603,510,VEHICLE - STOLEN,7,1
1605,510,VEHICLE - STOLEN,63,1
1606,510,VEHICLE - STOLEN,64,1
1608,510,VEHICLE - STOLEN,25,1
1611,510,VEHICLE - STOLEN,75,1
1612,510,VEHICLE - STOLEN,142,1
1613,510,VEHICLE - STOLEN,94,1
1614,420,THEFT FROM MOTOR VEHICLE - PETTY ($950 & UNDER),5,1
1614,330,BURGLARY FROM VEHICLE,5,1
1614,510,VEHICLE - STOLEN,5,1
1615,510,VEHICLE - STOLEN,28,1
1617,510,VEHICLE - STOLEN,92,1
1618,354,THEFT OF IDENTITY,27,1
1619,354,THEFT OF IDENTITY,38,1
1621,510,VEHICLE - STOLEN,102,1
1622,510,VEHICLE - STOLEN,117,1
1623,354,THEFT OF IDENTITY,129,1
1633,510,VEHICLE - STOLEN,108,1
1634,740,"VANDALISM - FELONY ($400 & OVER, ALL CHURCH VANDALISMS)",25,1
1635,510,VEHICLE - STOLEN,10,1
1636,510,VEHICLE - STOLEN,29,1
1637,510,VEHICLE - STOLEN,74,1
1638,510,VEHICLE - STOLEN,73,1
1639,354,THEFT OF IDENTITY,13,1
1641,510,VEHICLE - STOLEN,80,1
1642,510,VEHICLE - STOLEN,62,1
1643,510,VEHICLE - STOLEN,82,1
1645,510,VEHICLE - STOLEN,57,1
1646,510,VEHICLE - STOLEN,1,1
1648,230,"ASSAULT WITH DEADLY WEAPON, AGGRAVATED ASSAULT",1,1
1651,442,SHOPLIFTING - PETTY THEFT ($950 & UNDER),168,1
1653,510,VEHICLE - STOLEN,107,1
1654,510,VEHICLE - STOLEN,178,1
1655,310,BURGLARY,42,1
1656,310,BURGLARY,142,1
1657,510,VEHICLE - STOLEN,109,1
1658,510,VEHICLE - STOLEN,57,1
1659,310,BURGLARY,73,1
1661,510,VEHICLE - STOLEN,33,1
1663,510,VEHICLE - STOLEN,180,1
1664,510,VEHICLE - STOLEN,85,1
1665,510,VEHICLE - STOLEN,48,1
1666,440,THEFT PLAIN - PETTY ($950 & UNDER),1,1
1667,510,VEHICLE - STOLEN,44,1
1668,510,VEHICLE - STOLEN,76,1
1669,310,BURGLARY,57,1
1671,230,"ASSAULT WITH DEADLY WEAPON, AGGRAVATED ASSAULT",1,1
1671,510,VEHICLE - STOLEN,1,1
1672,510,VEHICLE - STOLEN,56,1
1673,310,BURGLARY,12,1
1675,510,VEHICLE - STOLEN,176,1
1676,510,VEHICLE - STOLEN,82,1
1677,510,VEHICLE - STOLEN,66,1
1678,510,VEHICLE - STOLEN,17,1
1679,330,BURGLARY FROM VEHICLE,74,1
1681,510,VEHICLE - STOLEN,121,1
1682,510,VEHICLE - STOLEN,62,1
1683,626,INTIMATE PARTNER - SIMPLE ASSAULT,1,1
1683,890,FAILURE TO YIELD,1,1
1684,510,VEHICLE - STOLEN,221,1
1685,510,VEHICLE - STOLEN,138,1
1686,210,ROBBERY,1,1
1687,510,VEHICLE - STOLEN,137,1
1689,442,SHOPLIFTING - PETTY THEFT ($950 & UNDER),66,1
1691,510,VEHICLE - STOLEN,31,1
1693,510,VEHICLE - STOLEN,87,1
1695,510,VEHICLE - STOLEN,94,1
1698,510,VEHICLE - STOLEN,130,1
1699,510,VEHICLE - STOLEN,49,1
1700,121,"RAPE, FORCIBLE",1,1
1701,354,THEFT OF IDENTITY,183,1
1703,310,BURGLARY,30,1
1705,330,BURGLARY FROM VEHICLE,53,1
1707,310,BURGLARY,57,1
1708,310,BURGLARY,94,1
1709,330,BURGLARY FROM VEHICLE,27,1
1712,310,BURGLARY,84,1
1713,310,BURGLARY,40,1
1714,310,BURGLARY,75,1
1715,310,BURGLARY,93,1
1716,310,BURGLARY,57,1
1717,510,VEHICLE - STOLEN,37,1
1718,510,VEHICLE - STOLEN,58,1
1719,510,VEHICLE - STOLEN,9,1
1721,354,THEFT OF IDENTITY,63,1
1722,624,BATTERY - SIMPLE ASSAULT,64,1
1723,310,BURGLARY,115,1
1725,310,BURGLARY,44,1
1727,310,BURGLARY,67,1
1728,310,BURGLARY,57,1
1729,442,SHOPLIFTING - PETTY THEFT ($950 & UNDER),397,1
1732,626,INTIMATE PARTNER - SIMPLE ASSAULT,1,1
1735,510,VEHICLE - STOLEN,91,1
1736,623,BATTERY POLICE (SIMPLE),1,1
1737,510,VEHICLE - STOLEN,106,1
1738,510,VEHICLE - STOLEN,39,1
1739,354,THEFT OF IDENTITY,15,1
1739,420,THEFT FROM MOTOR VEHICLE - PETTY ($950 & UNDER),15,1
1743,310,BURGLARY,34,1
1745,510,VEHICLE - STOLEN,127,1
1747,510,VEHICLE - STOLEN,105,1
1749,510,VEHICLE - STOLEN,60,1
1751,624,BATTERY - SIMPLE ASSAULT,83,1
1752,510,VEHICLE - STOLEN,152,1
1753,354,THEFT OF IDENTITY,43,1
1754,354,THEFT OF IDENTITY,55,1
1755,330,BURGLARY FROM VEHICLE,23,1
1756,510,VEHICLE - STOLEN,77,1
1757,310,BURGLARY,58,1
1758,510,VEHICLE - STOLEN,40,1
1759,510,VEHICLE - STOLEN,51,1
1761,310,BURGLARY,161,1
1762,510,VEHICLE - STOLEN,95,1
1763,354,THEFT OF IDENTITY,26,1
1764,442,SHOPLIFTING - PETTY THEFT ($950 & UNDER),708,1
1765,310,BURGLARY,22,1
1766,624,BATTERY - SIMPLE ASSAULT,44,1
1767,510,VEHICLE - STOLEN,112,1
1768,310,BURGLARY,41,1
1771,310,BURGLARY,73,1
1772,354,THEFT OF IDENTITY,28,1
1773,440,THEFT PLAIN - PETTY ($950 & UNDER),5,1
1774,624,BATTERY - SIMPLE ASSAULT,6,1
1774,331,THEFT FROM MOTOR VEHICLE - GRAND ($950.01 AND OVER),6,1
1775,354,THEFT OF IDENTITY,34,1
1776,354,THEFT OF IDENTITY,53,1
1777,510,VEHICLE - STOLEN,84,1
1778,354,THEFT OF IDENTITY,23,1
1779,510,VEHICLE - STOLEN,66,1
1781,510,VEHICLE - STOLEN,147,1
1782,442,SHOPLIFTING - PETTY THEFT ($950 & UNDER),185,1
1783,354,THEFT OF IDENTITY,59,1
1784,740,"VANDALISM - FELONY ($400 & OVER, ALL CHURCH VANDALISMS)",1,1
1785,510,VEHICLE - STOLEN,142,1
1787,510,VEHICLE - STOLEN,81,1
1788,442,SHOPLIFTING - PETTY THEFT ($950 & UNDER),278,1
1791,510,VEHICLE - STOLEN,98,1
1792,510,VEHICLE - STOLEN,88,1
1793,624,BATTERY - SIMPLE ASSAULT,90,1
1794,510,VEHICLE - STOLEN,216,1
1795,510,VEHICLE - STOLEN,144,1
1796,510,VEHICLE - STOLEN,57,1
1797,510,VEHICLE - STOLEN,80,1
1798,510,VEHICLE - STOLEN,94,1
1799,510,VEHICLE - STOLEN,90,1
1801,510,VEHICLE - STOLEN,276,1
1802,510,VEHICLE - STOLEN,402,1
1803,510,VEHICLE - STOLEN,109,1
1804,210,ROBBERY,154,1
1805,510,VEHICLE - STOLEN,122,1
1806,510,VEHICLE - STOLEN,162,1
1821,510,VEHICLE - STOLEN,303,1
1822,510,VEHICLE - STOLEN,451,1
1823,510,VEHICLE - STOLEN,342,1
1824,510,VEHICLE - STOLEN,368,1
1826,510,VEHICLE - STOLEN,192,1
1827,510,VEHICLE - STOLEN,202,1
1829,510,VEHICLE - STOLEN,138,1
1831,510,VEHICLE - STOLEN,209,1
1832,510,VEHICLE - STOLEN,172,1
1834,510,VEHICLE - STOLEN,243,1
1835,510,VEHICLE - STOLEN,70,1
1836,354,THEFT OF IDENTITY,237,1
1837,230,"ASSAULT WITH DEADLY WEAPON, AGGRAVATED ASSAULT",224,1
1838,624,BATTERY - SIMPLE ASSAULT,67,1
1839,510,VEHICLE - STOLEN,98,1
1841,510,VEHICLE - STOLEN,403,1
1842,510,VEHICLE - STOLEN,338,1
1844,510,VEHICLE - STOLEN,282,1
1846,354,THEFT OF IDENTITY,215,1
1849,354,THEFT OF IDENTITY,198,1
1851,510,VEHICLE - STOLEN,154,1
1861,510,VEHICLE - STOLEN,166,1
1862,510,VEHICLE - STOLEN,259,1
1863,354,THEFT OF IDENTITY,192,1
1864,510,VEHICLE - STOLEN,159,1
1871,510,VEHICLE - STOLEN,191,1
1881,510,VEHICLE - STOLEN,301,1
1891,510,VEHICLE - STOLEN,102,1
1901,510,VEHICLE - STOLEN,72,1
1902,510,VEHICLE - STOLEN,140,1
1903,624,BATTERY - SIMPLE ASSAULT,7,1
1904,510,VEHICLE - STOLEN,72,1
1905,442,SHOPLIFTING - PETTY THEFT ($950 & UNDER),50,1
1906,510,VEHICLE - STOLEN,47,1
1907,510,VEHICLE - STOLEN,73,1
1908,510,VEHICLE - STOLEN,75,1
1909,354,THEFT OF IDENTITY,30,1
1911,510,VEHICLE - STOLEN,31,1
1912,510,VEHICLE - STOLEN,93,1
1913,510,VEHICLE - STOLEN,119,1
1915,510,VEHICLE - STOLEN,68,1
1916,510,VEHICLE - STOLEN,95,1
1917,510,VEHICLE - STOLEN,118,1
1918,510,VEHICLE - STOLEN,146,1
1919,310,BURGLARY,37,1
1921,510,VEHICLE - STOLEN,158,1
1924,510,VEHICLE - STOLEN,159,1
1925,510,VEHICLE - STOLEN,104,1
1931,624,BATTERY - SIMPLE ASSAULT,37,1
1934,626,INTIMATE PARTNER - SIMPLE ASSAULT,17,1
1935,310,BURGLARY,58,1
1936,510,VEHICLE - STOLEN,22,1
1941,510,VEHICLE - STOLEN,31,1
1942,331,THEFT FROM MOTOR VEHICLE - GRAND ($950.01 AND OVER),1,1
1942,510,VEHICLE - STOLEN,1,1
1943,354,THEFT OF IDENTITY,39,1
1944,510,VEHICLE - STOLEN,85,1
1945,510,VEHICLE - STOLEN,39,1
1951,510,VEHICLE - STOLEN,31,1
1952,510,VEHICLE - STOLEN,72,1
1954,442,SHOPLIFTING - PETTY THEFT ($950 & UNDER),213,1
1955,510,VEHICLE - STOLEN,35,1
1956,510,VEHICLE - STOLEN,39,1
1958,510,VEHICLE - STOLEN,144,1
1959,510,VEHICLE - STOLEN,99,1
1961,510,VEHICLE - STOLEN,138,1
1962,510,VEHICLE - STOLEN,237,1
1963,510,VEHICLE - STOLEN,126,1
1964,510,VEHICLE - STOLEN,185,1
1966,510,VEHICLE - STOLEN,171,1
1967,510,VEHICLE - STOLEN,133,1
1969,510,VEHICLE - STOLEN,82,1
1971,510,VEHICLE - STOLEN,71,1
1972,510,VEHICLE - STOLEN,106,1
1972,442,SHOPLIFTING - PETTY THEFT ($950 & UNDER),106,1
1974,510,VEHICLE - STOLEN,156,1
1975,442,SHOPLIFTING - PETTY THEFT ($950 & UNDER),137,1
1977,510,VEHICLE - STOLEN,121,1
1979,510,VEHICLE - STOLEN,37,1
1981,510,VEHICLE - STOLEN,203,1
1982,510,VEHICLE - STOLEN,121,1
1983,510,VEHICLE - STOLEN,187,1
1984,510,VEHICLE - STOLEN,194,1
1985,510,VEHICLE - STOLEN,254,1
1986,510,VEHICLE - STOLEN,1,1
1987,510,VEHICLE - STOLEN,137,1
1988,510,VEHICLE - STOLEN,92,1
1989,510,VEHICLE - STOLEN,23,1
1991,510,VEHICLE - STOLEN,139,1
1993,510,VEHICLE - STOLEN,115,1
1994,510,VEHICLE - STOLEN,111,1
1995,442,SHOPLIFTING - PETTY THEFT ($950 & UNDER),71,1
1996,510,VEHICLE - STOLEN,1,1
1998,442,SHOPLIFTING - PETTY THEFT ($950 & UNDER),224,1
1999,510,VEHICLE - STOLEN,208,1
2001,310,BURGLARY,115,1
2002,510,VEHICLE - STOLEN,129,1
2004,510,VEHICLE - STOLEN,144,1
2005,510,VEHICLE - STOLEN,101,1
2011,510,VEHICLE - STOLEN,141,1
2013,510,VEHICLE - STOLEN,103,1
2014,510,VEHICLE - STOLEN,131,1
2015,510,VEHICLE - STOLEN,103,1
2016,624,BATTERY - SIMPLE ASSAULT,62,1
2017,624,BATTERY - SIMPLE ASSAULT,76,1
2019,510,VEHICLE - STOLEN,219,1
2021,510,VEHICLE - STOLEN,96,1
2022,510,VEHICLE - STOLEN,168,1
2023,510,VEHICLE - STOLEN,173,1
2024,330,BURGLARY FROM VEHICLE,238,1
2025,626,INTIMATE PARTNER - SIMPLE ASSAULT,90,1
2026,510,VEHICLE - STOLEN,127,1
2027,624,BATTERY - SIMPLE ASSAULT,231,1
2029,888,TRESPASSING,423,1
2031,510,VEHICLE - STOLEN,130,1
2033,510,VEHICLE - STOLEN,212,1
2034,330,BURGLARY FROM VEHICLE,118,1
2035,624,BATTERY - SIMPLE ASSAULT,84,1
2036,510,VEHICLE - STOLEN,82,1
2038,624,BATTERY - SIMPLE ASSAULT,93,1
2039,626,INTIMATE PARTNER - SIMPLE ASSAULT,89,1
2041,310,BURGLARY,110,1
2042,510,VEHICLE - STOLEN,140,1
2044,510,VEHICLE - STOLEN,96,1
2045,510,VEHICLE - STOLEN,63,1
2046,510,VEHICLE - STOLEN,75,1
2049,624,BATTERY - SIMPLE ASSAULT,78,1
2053,510,VEHICLE - STOLEN,82,1
2054,510,VEHICLE - STOLEN,73,1
2055,510,VEHICLE - STOLEN,114,1
2056,624,BATTERY - SIMPLE ASSAULT,97,1
2058,510,VEHICLE - STOLEN,80,1
2062,510,VEHICLE - STOLEN,152,1
2063,510,VEHICLE - STOLEN,62,1
2064,510,VEHICLE - STOLEN,57,1
2069,510,VEHICLE - STOLEN,177,1
2071,510,VEHICLE - STOLEN,113,1
2073,624,BATTERY - SIMPLE ASSAULT,41,1
2074,510,VEHICLE - STOLEN,103,1
2076,510,VEHICLE - STOLEN,111,1
2079,624,BATTERY - SIMPLE ASSAULT,121,1
2081,624,BATTERY - SIMPLE ASSAULT,123,1
2083,510,VEHICLE - STOLEN,63,1
2088,510,VEHICLE - STOLEN,112,1
2091,510,VEHICLE - STOLEN,56,1
2093,510,VEHICLE - STOLEN,67,1
2097,510,VEHICLE - STOLEN,112,1
2099,510,VEHICLE - STOLEN,74,1
2101,354,THEFT OF IDENTITY,25,1
2102,354,THEFT OF IDENTITY,26,1
2103,442,SHOPLIFTING - PETTY THEFT ($950 & UNDER),102,1
2104,510,VEHICLE - STOLEN,44,1
2105,354,THEFT OF IDENTITY,90,1
2106,310,BURGLARY,21,1
2106,901,VIOLATION OF RESTRAINING ORDER,21,1
2107,624,BATTERY - SIMPLE ASSAULT,78,1
2111,354,THEFT OF IDENTITY,76,1
2113,354,THEFT OF IDENTITY,49,1
2114,442,SHOPLIFTING - PETTY THEFT ($950 & UNDER),88,1
2115,624,BATTERY - SIMPLE ASSAULT,86,1
2118,510,VEHICLE - STOLEN,78,1
2125,354,THEFT OF IDENTITY,65,1
2126,510,VEHICLE - STOLEN,105,1
2128,624,BATTERY - SIMPLE ASSAULT,83,1
2129,510,VEHICLE - STOLEN,82,1
2131,354,THEFT OF IDENTITY,12,1
2132,310,BURGLARY,34,1
2133,354,THEFT OF IDENTITY,50,1
2134,510,VEHICLE - STOLEN,89,1
2136,510,VEHICLE - STOLEN,150,1
2137,510,VEHICLE - STOLEN,84,1
2138,354,THEFT OF IDENTITY,81,1
2138,510,VEHICLE - STOLEN,81,1
2139,510,VEHICLE - STOLEN,134,1
2141,354,THEFT OF IDENTITY,72,1
2142,354,THEFT OF IDENTITY,48,1
2143,442,SHOPLIFTING - PETTY THEFT ($950 & UNDER),620,1
2144,354,THEFT OF IDENTITY,59,1
2145,230,"ASSAULT WITH DEADLY WEAPON, AGGRAVATED ASSAULT",52,1
2146,510,VEHICLE - STOLEN,167,1
2147,310,BURGLARY,67,1
2148,510,VEHICLE - STOLEN,74,1
2149,510,VEHICLE - STOLEN,81,1
2155,354,THEFT OF IDENTITY,127,1
2156,442,SHOPLIFTING - PETTY THEFT ($950 & UNDER),1442,1
2157,510,VEHICLE - STOLEN,259,1
2158,310,BURGLARY,237,1
2159,310,BURGLARY,29,1
2161,310,BURGLARY,61,1
2162,354,THEFT OF IDENTITY,37,1
2169,354,THEFT OF IDENTITY,32,1
2172,310,BURGLARY,50,1
2173,310,BURGLARY,57,1
2175,310,BURGLARY,118,1
2177,354,THEFT OF IDENTITY,142,1
2183,310,BURGLARY,83,1
2185,310,BURGLARY,115,1
2187,310,BURGLARY,136,1
2187,624,BATTERY - SIMPLE ASSAULT,136,1
2189,442,SHOPLIFTING - PETTY THEFT ($950 & UNDER),372,1
2196,354,THEFT OF IDENTITY,54,1
2196,330,BURGLARY FROM VEHICLE,54,1
2197,310,BURGLARY,43,1
2198,354,THEFT OF IDENTITY,6,1
2199,330,BURGLARY FROM VEHICLE,1,1
2199,745,VANDALISM - MISDEAMEANOR ($399 OR UNDER),1,1
